INSERT INTO dim_date VALUES
(20240101,'2024-01-01','Monday',1,1,'January','Q1',2024,false),
(20240102,'2024-01-02','Tuesday',2,1,'January','Q1',2024,false),
(20240103,'2024-01-03','Wednesday',3,1,'January','Q1',2024,false),
(20240104,'2024-01-04','Thursday',4,1,'January','Q1',2024,false),
(20240105,'2024-01-05','Friday',5,1,'January','Q1',2024,false),
(20240106,'2024-01-06','Saturday',6,1,'January','Q1',2024,true),
(20240107,'2024-01-07','Sunday',7,1,'January','Q1',2024,true),
(20240108,'2024-01-08','Monday',8,1,'January','Q1',2024,false),
(20240109,'2024-01-09','Tuesday',9,1,'January','Q1',2024,false),
(20240110,'2024-01-10','Wednesday',10,1,'January','Q1',2024,false),
(20240111,'2024-01-11','Thursday',11,1,'January','Q1',2024,false),
(20240112,'2024-01-12','Friday',12,1,'January','Q1',2024,false),
(20240113,'2024-01-13','Saturday',13,1,'January','Q1',2024,true),
(20240114,'2024-01-14','Sunday',14,1,'January','Q1',2024,true),
(20240115,'2024-01-15','Monday',15,1,'January','Q1',2024,false),
(20240201,'2024-02-01','Thursday',1,2,'February','Q1',2024,false),
(20240202,'2024-02-02','Friday',2,2,'February','Q1',2024,false),
(20240203,'2024-02-03','Saturday',3,2,'February','Q1',2024,true),
(20240204,'2024-02-04','Sunday',4,2,'February','Q1',2024,true),
(20240205,'2024-02-05','Monday',5,2,'February','Q1',2024,false),
(20240206,'2024-02-06','Tuesday',6,2,'February','Q1',2024,false),
(20240207,'2024-02-07','Wednesday',7,2,'February','Q1',2024,false),
(20240208,'2024-02-08','Thursday',8,2,'February','Q1',2024,false),
(20240209,'2024-02-09','Friday',9,2,'February','Q1',2024,false),
(20240210,'2024-02-10','Saturday',10,2,'February','Q1',2024,true),
(20240211,'2024-02-11','Sunday',11,2,'February','Q1',2024,true),
(20240212,'2024-02-12','Monday',12,2,'February','Q1',2024,false),
(20240213,'2024-02-13','Tuesday',13,2,'February','Q1',2024,false),
(20240214,'2024-02-14','Wednesday',14,2,'February','Q1',2024,false),
(20240215,'2024-02-15','Thursday',15,2,'February','Q1',2024,false);
INSERT INTO dim_product (product_id, product_name, category, subcategory, unit_price) VALUES
('P001','Laptop Pro','Electronics','Computers',50000),
('P002','Smartphone X','Electronics','Mobiles',30000),
('P003','LED TV','Electronics','Television',60000),
('P004','Bluetooth Headphones','Electronics','Audio',8000),
('P005','Gaming Mouse','Electronics','Accessories',2500),

('P006','Men T-Shirt','Fashion','Clothing',1200),
('P007','Women Jeans','Fashion','Clothing',2500),
('P008','Running Shoes','Fashion','Footwear',4000),
('P009','Jacket','Fashion','Outerwear',6000),
('P010','Cap','Fashion','Accessories',500),

('P011','Office Chair','Furniture','Seating',15000),
('P012','Study Table','Furniture','Tables',18000),
('P013','Sofa Set','Furniture','Living',45000),
('P014','Bookshelf','Furniture','Storage',9000),
('P015','Bed Frame','Furniture','Bedroom',30000);
INSERT INTO dim_customer (customer_id, customer_name, city, state, customer_segment) VALUES
('C001','John Doe','Mumbai','Maharashtra','Retail'),
('C002','Amit Shah','Ahmedabad','Gujarat','Retail'),
('C003','Priya Singh','Delhi','Delhi','Corporate'),
('C004','Neha Verma','Bangalore','Karnataka','Retail'),
('C005','Rahul Mehta','Mumbai','Maharashtra','Corporate'),
('C006','Sneha Patel','Ahmedabad','Gujarat','Retail'),
('C007','Arjun Rao','Bangalore','Karnataka','Retail'),
('C008','Kavita Iyer','Chennai','Tamil Nadu','Corporate'),
('C009','Rohit Kumar','Delhi','Delhi','Retail'),
('C010','Anjali Deshmukh','Pune','Maharashtra','Retail'),
('C011','Suresh Nair','Kochi','Kerala','Corporate'),
('C012','Meena Joshi','Jaipur','Rajasthan','Retail');
INSERT INTO fact_sales
(date_key, product_key, customer_key, quantity_sold, unit_price, discount_amount, total_amount)
VALUES
(20240101,1,1,2,50000,0,100000),
(20240102,2,2,1,30000,0,30000),
(20240103,3,3,1,60000,5000,55000),
(20240104,4,4,3,8000,0,24000),
(20240105,5,5,4,2500,0,10000),

(20240106,6,6,5,1200,0,6000),
(20240107,7,7,2,2500,0,5000),
(20240108,8,8,1,4000,0,4000),
(20240109,9,9,1,6000,1000,5000),
(20240110,10,10,6,500,0,3000),

(20240201,11,11,1,15000,0,15000),
(20240202,12,12,1,18000,0,18000),
(20240203,13,1,1,45000,5000,40000),
(20240204,14,2,2,9000,0,18000),
(20240205,15,3,1,30000,0,30000),

(20240206,1,4,1,50000,0,50000),
(20240207,2,5,2,30000,3000,57000),
(20240208,3,6,1,60000,0,60000),
(20240209,4,7,2,8000,0,16000),
(20240210,5,8,3,2500,0,7500),

(20240211,6,9,4,1200,0,4800),
(20240212,7,10,1,2500,0,2500),
(20240213,8,11,2,4000,0,8000),
(20240214,9,12,1,6000,0,6000),
(20240215,10,1,5,500,0,2500),

(20240113,11,2,1,15000,0,15000),
(20240114,12,3,1,18000,0,18000),
(20240115,13,4,1,45000,0,45000),
(20240106,14,5,2,9000,0,18000),
(20240107,15,6,1,30000,0,30000),

(20240203,1,7,1,50000,0,50000),
(20240204,2,8,1,30000,0,30000),
(20240205,3,9,1,60000,0,60000),
(20240206,4,10,2,8000,0,16000),
(20240207,5,11,3,2500,0,7500);
